{
	"system" : {
		"platform" : "windows64",
		"os_name" : "Windows 10",
		"os_version" : "10.0"
	},
	"error" : {
		"executable" : "quartus",
		"comment" : "not_applicable",
		"error_message" : "Access Violation at 0X00007FF9FAB5B331",
		"source_file" : "unknown",
		"line" : "0",
		"stack_trace" : "\t0x7ff9fab5b330: edt_wedtq + 0x4b330 (?rearrange_rows@WEDTQ_NODE_VIEW@@QEAAXHV?$QList@H@@@Z + 0x460)\n\t0x7ff9fab81186: edt_wedtq + 0x71186 (?execute@WEDTQ_GROUP_COMMAND@@UEAA_NXZ + 0x2a6)\n\t0x7ff9fab58f4b: edt_wedtq + 0x48f4b (?group_nodes@WEDTQ_NODE_VIEW@@QEAAXXZ + 0x6b)\n\t 0x603dd700: QtCore4 + 0x11d700 (?activate@QMetaObject@@SAXPEAVQObject@@PEBU1@HPEAPEAX@Z + 0x520)\n\t 0x605ba09f: QtGui4 + 0xa09f (?activate@QAction@@QEAAXW4ActionEvent@1@@Z + 0xdf)\n\t 0x6096a703: QtGui4 + 0x3ba703 (?actionGeometry@QMenu@@QEBA?AVQRect@@PEAVQAction@@@Z + 0x443)\n\t 0x6096a595: QtGui4 + 0x3ba595 (?actionGeometry@QMenu@@QEBA?AVQRect@@PEAVQAction@@@Z + 0x2d5)\n\t 0x60611b84: QtGui4 + 0x61b84 (?event@QWidget@@MEAA_NPEAVQEvent@@@Z + 0xd4)\n\t 0x6096b444: QtGui4 + 0x3bb444 (?event@QMenu@@MEAA_NPEAVQEvent@@@Z + 0x284)\n\t 0x605d2c55: QtGui4 + 0x22c55 (?notify_helper@QApplicationPrivate@@QEAA_NPEAVQObject@@PEAVQEvent@@@Z + 0xf5)\n\t 0x605d184e: QtGui4 + 0x2184e (?notify@QApplication@@UEAA_NPEAVQObject@@PEAVQEvent@@@Z + 0x71e)\n\t 0x603cec4b: QtCore4 + 0x10ec4b (?notifyInternal@QCoreApplication@@AEAA_NPEAVQObject@@PEAVQEvent@@@Z + 0x7b)\n\t 0x605d5a9e: QtGui4 + 0x25a9e (?sendMouseEvent@QApplicationPrivate@@SA_NPEAVQWidget@@PEAVQMouseEvent@@00PEAPEAV2@AEAV?$QPointer@VQWidget@@@@_N@Z + 0x1de)\n\t 0x606365b6: QtGui4 + 0x865b6 (?trUtf8@QScrollBar@@SA?AVQString@@PEBD0H@Z + 0x10b6)\n\t 0x6063a301: QtGui4 + 0x8a301 (?winMouseButtonUp@QApplication@@SAXXZ + 0x2761)\n\t0x7ffaa4ade857: USER32 + 0xe857 (CallWindowProcW + 0x3f7)\n\t0x7ffaa4ade298: USER32 + 0xe298 (DispatchMessageW + 0x258)\n\t 0x603f3982: QtCore4 + 0x133982 (?processEvents@QEventDispatcherWin32@@UEAA_NV?$QFlags@W4ProcessEventsFlag@QEventLoop@@@@@Z + 0x3e2)\n\t 0x60632004: QtGui4 + 0x82004 (?openPopup@QApplicationPrivate@@QEAAXPEAVQWidget@@@Z + 0x204)\n\t 0x603cbb7b: QtCore4 + 0x10bb7b (?exec@QEventLoop@@QEAAHV?$QFlags@W4ProcessEventsFlag@QEventLoop@@@@@Z + 0x22b)\n\t 0x6096b566: QtGui4 + 0x3bb566 (?exec@QMenu@@QEAAPEAVQAction@@AEBVQPoint@@PEAV2@@Z + 0x76)\n\t0x7ff9fab57294: edt_wedtq + 0x47294 (?contextMenuEvent@WEDTQ_NODE_VIEW@@MEAAXPEAVQContextMenuEvent@@@Z + 0x274)\n\t 0x6061206e: QtGui4 + 0x6206e (?event@QWidget@@MEAA_NPEAVQEvent@@@Z + 0x5be)\n\t 0x60937126: QtGui4 + 0x387126 (?event@QFrame@@MEAA_NPEAVQEvent@@@Z + 0x36)\n\t 0x60a2a44c: QtGui4 + 0x47a44c (?viewportEvent@QAbstractItemView@@MEAA_NPEAVQEvent@@@Z + 0x4ac)\n\t0x7ffa2c194d76: GCL_AFCQ + 0xb4d76 (?viewportEvent@AFCQ_TREE_VIEW@@MEAA_NPEAVQEvent@@@Z + 0x2b6)\n\t 0x603d0b22: QtCore4 + 0x110b22 (?sendThroughObjectEventFilters@QCoreApplicationPrivate@@QEAA_NPEAVQObject@@PEAVQEvent@@@Z + 0x82)\n\t 0x605d2c41: QtGui4 + 0x22c41 (?notify_helper@QApplicationPrivate@@QEAA_NPEAVQObject@@PEAVQEvent@@@Z + 0xe1)\n\t 0x605d1bf6: QtGui4 + 0x21bf6 (?notify@QApplication@@UEAA_NPEAVQObject@@PEAVQEvent@@@Z + 0xac6)\n\t 0x603cec4b: QtCore4 + 0x10ec4b (?notifyInternal@QCoreApplication@@AEAA_NPEAVQObject@@PEAVQEvent@@@Z + 0x7b)\n\t 0x6063699f: QtGui4 + 0x8699f (?trUtf8@QScrollBar@@SA?AVQString@@PEBD0H@Z + 0x149f)\n\t 0x6063a301: QtGui4 + 0x8a301 (?winMouseButtonUp@QApplication@@SAXXZ + 0x2761)\n\t0x7ffaa4ade857: USER32 + 0xe857 (CallWindowProcW + 0x3f7)\n\t0x7ffaa4ade298: USER32 + 0xe298 (DispatchMessageW + 0x258)\n\t 0x603f3982: QtCore4 + 0x133982 (?processEvents@QEventDispatcherWin32@@UEAA_NV?$QFlags@W4ProcessEventsFlag@QEventLoop@@@@@Z + 0x3e2)\n\t 0x60632004: QtGui4 + 0x82004 (?openPopup@QApplicationPrivate@@QEAAXPEAVQWidget@@@Z + 0x204)\n\t 0x603cbb7b: QtCore4 + 0x10bb7b (?exec@QEventLoop@@QEAAHV?$QFlags@W4ProcessEventsFlag@QEventLoop@@@@@Z + 0x22b)\n\t 0x603ce18f: QtCore4 + 0x10e18f (?exec@QCoreApplication@@SAHXZ + 0xdf)\n\t0x7ff7cb9e198b: quartus + 0x198b (?qgq_main@@YAHHPEAPEBD@Z + 0x8b)\n\t0x7ffa4f053258: CCL_MSG + 0x13258 (?msg_main_thread@@YAPEAXPEAX@Z + 0x18)\n\t0x7ffa4f054a5e: CCL_MSG + 0x14a5e (?msg_thread_wrapper@@YAPEAXP6APEAXPEAX@Z0@Z + 0x6e)\n\t0x7ffa8c926af0: ccl_mem + 0x16af0 (?mem_thread_wrapper@@YAPEAXP6APEAXPEAX@Z0@Z + 0x70)\n\t0x7ffa4f052af1: CCL_MSG + 0x12af1 (?msg_exe_main@@YAHHPEAPEBDP6AHH0@Z@Z + 0xa1)\n\t0x7ff7cb9e2777: quartus + 0x2777 (WinMain + 0x127)\n\t0x7ff7cb9e1f40: quartus + 0x1f40 (__tmainCRTStartup + 0x148)\n\t0x7ffaa4667033: KERNEL32 + 0x17033 (BaseThreadInitThunk + 0x13)\n\t0x7ffaa5062650: ntdll + 0x52650 (RtlUserThreadStart + 0x20)\n",
		"subsystem" : "unknown"
	},
	"quartus" : {
		"quartus_bits" : "64",
		"version" : "20.1.0",
		"build" : "711",
		"edition" : "Lite Edition"
	}
}