{
	"partitions" : [
		{
			"name" : "Top",
			"pins" : [
				{
					"name" : "conteudo_ULA[0]",
					"strict" : false
				},
				{
					"name" : "conteudo_ULA[1]",
					"strict" : false
				},
				{
					"name" : "conteudo_ULA[2]",
					"strict" : false
				},
				{
					"name" : "conteudo_ULA[5]",
					"strict" : false
				},
				{
					"name" : "conteudo_ULA[14]",
					"strict" : false
				},
				{
					"name" : "end_REGS[0]",
					"strict" : false
				},
				{
					"name" : "end_REGS[3]",
					"strict" : false
				},
				{
					"name" : "end_REGT[1]",
					"strict" : false
				},
				{
					"name" : "end_REGT[3]",
					"strict" : false
				},
				{
					"name" : "end_REGD[3]",
					"strict" : false
				},
				{
					"name" : "KEY[0]",
					"strict" : false
				}
			]
		}
	]
}